station_name,river_name,water_body_type,predicted_label,predicted_non_compliance_probability,top_positive_shap_features,top_negative_shap_features,shap_explanation_text
"Amravati river at D/s. of Dondaicha, Village. Dondaicha, Taluka. Dhule, District. Dhule.",Amravati,River,Compliant,0.0,None,bod (-0.351) | dissolved_oxygen (-0.149),"Acceptable levels in bod, dissolved_oxygen reduced the risk."
"Darna river at Sansari, Village. Sansari,Taluka. Nashik,District. Nashik.",Darna,River,Non-Compliant,1.0,bod (0.250) | dissolved_oxygen (0.250),None,"High values in bod, dissolved_oxygen increased the risk."
"Mutha river at Khadakvasla Dam, Village. Khadakvasla,Taluka. Haweli, District. Pune.",Mutha,River,Compliant,0.0,None,bod (-0.351) | dissolved_oxygen (-0.149),"Acceptable levels in bod, dissolved_oxygen reduced the risk."
"Krishna river at Rajapur Weir, Village. Rajapur, Taluka. Shirol, District. Kolhapur.",Krishna,River,Compliant,0.0,None,bod (-0.351) | dissolved_oxygen (-0.149),"Acceptable levels in bod, dissolved_oxygen reduced the risk."
"Arnala sea, Village. Arnala, Taluka. Vasai, District. Thane.",Arnala,Sea,Non-Compliant,1.0,bod (0.250) | dissolved_oxygen (0.250),None,"High values in bod, dissolved_oxygen increased the risk."
"Penganga river D/s of Isapur Dam, Village. Isapur,Taluka. Pusad,District. Yavatmal.",Penganga,River,Non-Compliant,1.0,bod (0.557),dissolved_oxygen (-0.057),High values in bod increased the risk. Acceptable levels in dissolved_oxygen reduced the risk.
"Tapi river at Ubad village near Gujratborder, Village. Ubad, Taluka. Shahada, District. Nandurbar.",Tapi,River,Non-Compliant,1.0,bod (0.557),dissolved_oxygen (-0.057),High values in bod increased the risk. Acceptable levels in dissolved_oxygen reduced the risk.
"Godavari river at D/s of Paithan at Pathegaon bridge, Village. Pathegaon, Taluka. Paithan, District. Ch. Sambhaji Nagar.",Godavari,River,Non-Compliant,1.0,bod (0.557),dissolved_oxygen (-0.057),High values in bod increased the risk. Acceptable levels in dissolved_oxygen reduced the risk.
"Purna river at Kolhapur Tal- Daryapur, Dist- Amravati",Purna,River,Non-Compliant,1.0,bod (0.557),dissolved_oxygen (-0.057),High values in bod increased the risk. Acceptable levels in dissolved_oxygen reduced the risk.
Vashi Creek at Vashi Bridge,Vashi,Creek,Non-Compliant,1.0,bod (0.250) | dissolved_oxygen (0.250),None,"High values in bod, dissolved_oxygen increased the risk."
"Ulhas creek at Reti bunder at D/s of Kalyan. Bhiwandi bridge, Village. Kalyan, Taluka. Kalyan, District. Thane.",Ulhas,Creek,Non-Compliant,1.0,bod (0.557),dissolved_oxygen (-0.057),High values in bod increased the risk. Acceptable levels in dissolved_oxygen reduced the risk.
"Pehlar Dam on Pehlar river. inlet of water works, Village. Pehlar, Taluka. Vasai, District. Thane.",Pehlar,Dam,Compliant,0.0,None,bod (-0.351) | dissolved_oxygen (-0.149),"Acceptable levels in bod, dissolved_oxygen reduced the risk."
"Wainganga river at kardha bridge, D/S of bhandara city, Dist- Bhandara",Wainganga,River,Non-Compliant,1.0,bod (0.557),dissolved_oxygen (-0.057),High values in bod increased the risk. Acceptable levels in dissolved_oxygen reduced the risk.
"Nalla at D/s of Aklai Mandir, Village. Aklai, Taluka. Malshiras, District. Solapur.",Nala,Nala,Non-Compliant,1.0,bod (0.557),dissolved_oxygen (-0.057),High values in bod increased the risk. Acceptable levels in dissolved_oxygen reduced the risk.
"Nira river at Shindewadi,  Village. Shirval, Taluka. Khandala, District. Satara.",Nira,River,Non-Compliant,1.0,bod (0.557),dissolved_oxygen (-0.057),High values in bod increased the risk. Acceptable levels in dissolved_oxygen reduced the risk.
"Ulhas creek at Versova bridge, Village. Versova, Taluka. Vasai, District. Thane.",Ulhas,Creek,Non-Compliant,1.0,bod (0.557),dissolved_oxygen (-0.057),High values in bod increased the risk. Acceptable levels in dissolved_oxygen reduced the risk.
"Rabodi nalla, Village. Rabodi,Taluka. Thane, District. Thane.",Rabodi,Nala,Non-Compliant,1.0,bod (0.250) | dissolved_oxygen (0.250),None,"High values in bod, dissolved_oxygen increased the risk."
"Panchaganga river at Ichalkaranji near MIDC  intake well. Village. Shiradhwad  (Ichalkaranji ghat), Taluka.Hatkanangale, District. Kolhapur.",Panchaganga,River,Compliant,0.0,None,bod (-0.351) | dissolved_oxygen (-0.149),"Acceptable levels in bod, dissolved_oxygen reduced the risk."
"Venna river at Mahuli, Village. Mahuli, Taluka. Mahuli, District. Satara.",Venna,River,Non-Compliant,1.0,bod (0.557),dissolved_oxygen (-0.057),High values in bod increased the risk. Acceptable levels in dissolved_oxygen reduced the risk.
"Darna river at Aswali ( Darna Dam),Village. Aswali,Taluka. Igatpuri,District. Nashik.",Darna,River,Non-Compliant,1.0,bod (0.557),dissolved_oxygen (-0.057),High values in bod increased the risk. Acceptable levels in dissolved_oxygen reduced the risk.
"Purna river at Kolhapur Tal- Daryapur, Dist- Amravati",Purna,River,Non-Compliant,1.0,bod (0.557),dissolved_oxygen (-0.057),High values in bod increased the risk. Acceptable levels in dissolved_oxygen reduced the risk.
"Ulhas creek at Versova bridge, Village. Versova, Taluka. Vasai, District. Thane.",Ulhas,Creek,Non-Compliant,1.0,bod (0.557),dissolved_oxygen (-0.057),High values in bod increased the risk. Acceptable levels in dissolved_oxygen reduced the risk.
"Krishna river at Dhom Dam, Village. Wai, Taluka.Mahabaleshwar, District.Satara.",Krishna,River,Compliant,0.0,None,bod (-0.351) | dissolved_oxygen (-0.149),"Acceptable levels in bod, dissolved_oxygen reduced the risk."
"Karambavane creek at Chiplun, Village. Karambavane, Taluka. Chiplun, District. Ratnagiri.",Karambavane,Creek,Compliant,0.0,None,bod (-0.351) | dissolved_oxygen (-0.149),"Acceptable levels in bod, dissolved_oxygen reduced the risk."
"Patalganga river at Shilphata bridge, Village.Khopoli,Taluka. Khalapur, District. Raigad.",Patalganga,River,Non-Compliant,1.0,bod (0.557),dissolved_oxygen (-0.057),High values in bod increased the risk. Acceptable levels in dissolved_oxygen reduced the risk.
"Ghod river at Shirur, Village. Shirur,Taluka. Shirur,District. Pune.",Ghod,River,Non-Compliant,1.0,bod (0.557),dissolved_oxygen (-0.057),High values in bod increased the risk. Acceptable levels in dissolved_oxygen reduced the risk.
"Purna River at Dhupeshwar at u/s of Malkapur water works, Malkapur, Dist.Akola",Purna,River,Non-Compliant,1.0,bod (0.557),dissolved_oxygen (-0.057),High values in bod increased the risk. Acceptable levels in dissolved_oxygen reduced the risk.
"Kolar river before confluence with Kanhan river at Waregaon Bridge, Village. Waregaon, Taluka.Kamptee, District.Nagpur.",Kolar,River,Non-Compliant,1.0,bod (0.557),dissolved_oxygen (-0.057),High values in bod increased the risk. Acceptable levels in dissolved_oxygen reduced the risk.
"Kalu river at Atale village, Village. Atale, Taluka. Kalyan, District. Thane.",Kalu,River,Non-Compliant,1.0,bod (0.557),dissolved_oxygen (-0.057),High values in bod increased the risk. Acceptable levels in dissolved_oxygen reduced the risk.
"Surya river at MIDC pumping station on Boisar . Chillarphata road, Village. Garvashet, Taluka. Palghar, District. Thane",Surya,River,Non-Compliant,1.0,bod (0.557),dissolved_oxygen (-0.057),High values in bod increased the risk. Acceptable levels in dissolved_oxygen reduced the risk.
"Tarapur MIDC Nalla ( Near Sump 3), Village. MIDC  Tarapur, Taluka. Palghar, District. Thane.",Tarapur Midc,Nala,Non-Compliant,1.0,bod (0.250) | dissolved_oxygen (0.250),None,"High values in bod, dissolved_oxygen increased the risk."
"Amba river at D/s of Waken bridge, Village. Waken phata, Taluka. Roha, District. Raigad. ( u/s of the jackwells of M/s Supreme Petrochemicals & MIDC )",Amba,River,Non-Compliant,1.0,bod (0.557),dissolved_oxygen (-0.057),High values in bod increased the risk. Acceptable levels in dissolved_oxygen reduced the risk.
"Krishna River at krishna ghat, miraj Dist-Sangli",Krishna,River,Compliant,0.0,None,bod (-0.351) | dissolved_oxygen (-0.149),"Acceptable levels in bod, dissolved_oxygen reduced the risk."
"Wardha river at D/s of ACC Ltd. Ghuggus near WCL pump house, Village. Ghuggus, Taluka. Chandrapur, District. Chandrapur.",Wardha,River,Non-Compliant,1.0,bod (0.557),dissolved_oxygen (-0.057),High values in bod increased the risk. Acceptable levels in dissolved_oxygen reduced the risk.
"Wainganga river at U/s of Gaurav Paper Mills, near jackwell,  Village. Bramhpuri, Taluka. Chandrapur, District. Chandrapur.",Wainganga,River,Non-Compliant,1.0,bod (0.557),dissolved_oxygen (-0.057),High values in bod increased the risk. Acceptable levels in dissolved_oxygen reduced the risk.
"Kundalika river at Roha bridge,  Village.Roha, Taluka. Roha, District. Raigad.",Kundalika,River,Compliant,0.0,None,bod (-0.351) | dissolved_oxygen (-0.149),"Acceptable levels in bod, dissolved_oxygen reduced the risk."
"Tarapur MIDC Nalla ( near Sump 1), Village. MIDC Tarapur, Taluka. Palghar, District. Thane.",Tarapur Midc,Nala,Non-Compliant,1.0,bod (0.250) | dissolved_oxygen (0.250),None,"High values in bod, dissolved_oxygen increased the risk."
"Ujani dam pumping station, Dist- Solapur ",Ujani,Dam,Non-Compliant,1.0,bod (0.557),dissolved_oxygen (-0.057),High values in bod increased the risk. Acceptable levels in dissolved_oxygen reduced the risk.
"Asna River, Dist- Nanded",Asna,River,Non-Compliant,1.0,bod (0.557),dissolved_oxygen (-0.057),High values in bod increased the risk. Acceptable levels in dissolved_oxygen reduced the risk.
"Nira river at Sangavi, Village. Sangavi, Taluka. Phaltan, District. Satara.",Nira,River,Non-Compliant,1.0,bod (0.557),dissolved_oxygen (-0.057),High values in bod increased the risk. Acceptable levels in dissolved_oxygen reduced the risk.
"Wainganga river at U/s of Ellora Paper Mills, Village. Tumsar, Taluka. Tumsar, District. Bhandara.",Wainganga,River,Non-Compliant,1.0,bod (0.557),dissolved_oxygen (-0.057),High values in bod increased the risk. Acceptable levels in dissolved_oxygen reduced the risk.
"Patalganga river at Vyal Pump house,  Village. Vyal,  Taluka. Khalapur, District. Raigad.",Patalganga,River,Compliant,0.0,None,bod (-0.351) | dissolved_oxygen (-0.149),"Acceptable levels in bod, dissolved_oxygen reduced the risk."
"Sea Water at Ganapathipule, Village. Ganapatipule, Taluka. Ratnagiri,  District. Ratnagiri.",Sea,Sea,Non-Compliant,1.0,bod (0.557),dissolved_oxygen (-0.057),High values in bod increased the risk. Acceptable levels in dissolved_oxygen reduced the risk.
"Ghod river at Shirur, Village. Shirur,Taluka. Shirur,District. Pune.",Ghod,River,Non-Compliant,1.0,bod (0.557),dissolved_oxygen (-0.057),High values in bod increased the risk. Acceptable levels in dissolved_oxygen reduced the risk.
"Tansa river near road bridge, Village. Dakewali, Taluka. Wada, District. Thane.",Tansa,River,Compliant,0.0,None,bod (-0.351) | dissolved_oxygen (-0.149),"Acceptable levels in bod, dissolved_oxygen reduced the risk."
"Pawana river at  Dapodi bridge, at Pawana. Mulla Sangam,  Village. Dapodi, Taluka. Haweli, District. Pune.",Pawana,River,Non-Compliant,1.0,bod (0.250) | dissolved_oxygen (0.250),None,"High values in bod, dissolved_oxygen increased the risk."
"Mula - Mutha river at Mundhawa bridge,Village. Mundhawa,Taluka. Haweli,District. Pune.",River,River,Non-Compliant,1.0,bod (0.250) | dissolved_oxygen (0.250),None,"High values in bod, dissolved_oxygen increased the risk."
"Kanhan river at D/s of M/s Vidarbha Paper Mills,  Village. Sinora, Taluka. Parseoni, District. Nagpur.",Kanhan,River,Non-Compliant,1.0,bod (0.557),dissolved_oxygen (-0.057),High values in bod increased the risk. Acceptable levels in dissolved_oxygen reduced the risk.
"Colour chem  Nalla, Village. Majiwada,Taluka. Thane,District. Thane.",Colour Chem,Nala,Non-Compliant,1.0,bod (0.250) | dissolved_oxygen (0.250),None,"High values in bod, dissolved_oxygen increased the risk."
"Pimpal.Paneri nalla at Ratnagiri near Finolex Industries, Village. Yahganigaon, Taluka. Ratnagiri, District. Ratnagiri.",Pimpal.Paneri,Nala,Compliant,0.0,None,bod (-0.351) | dissolved_oxygen (-0.149),"Acceptable levels in bod, dissolved_oxygen reduced the risk."
"Waghur river at. Sakegaon before Confluence with Tapi river, Village. Sakegaon,Taluka. Jalgaon,District. Jalgaon.",Waghur,River,Non-Compliant,1.0,bod (0.557),dissolved_oxygen (-0.057),High values in bod increased the risk. Acceptable levels in dissolved_oxygen reduced the risk.
"Venna river at Varye, Village . Varye,Taluka. Satara, District. Satara.",Venna,River,Non-Compliant,1.0,bod (0.557),dissolved_oxygen (-0.057),High values in bod increased the risk. Acceptable levels in dissolved_oxygen reduced the risk.
"Surya river at intake of Vasai.Virar water Scheme, Village. Masvan, Taluka. Palghar, District. Thane.",Surya,River,Compliant,0.0,None,bod (-0.351) | dissolved_oxygen (-0.149),"Acceptable levels in bod, dissolved_oxygen reduced the risk."
"Bhima river at D/s of Bundgarden, Village . Yerwada,Taluka. Haweli, District. Pune.",Bhima,River,Non-Compliant,1.0,bod (0.250) | dissolved_oxygen (0.250),None,"High values in bod, dissolved_oxygen increased the risk."
"Savta Creek, Village. Savta, Taluka. Dahanu, District. Thane.",Savta,Creek,Non-Compliant,1.0,bod (0.250) | dissolved_oxygen (0.250),None,"High values in bod, dissolved_oxygen increased the risk."
"Bhima river at Koregaon near Koregaon bridge, Village. Koregaon,Taluka. Shirur, District. Pune.",Bhima,River,Non-Compliant,1.0,bod (0.557),dissolved_oxygen (-0.057),High values in bod increased the risk. Acceptable levels in dissolved_oxygen reduced the risk.
"Ulhas river at U/s of NRC Bund, Village. Mohane, Taluka. Kalyan, District. Thane.",Ulhas,River,Compliant,0.0,None,bod (-0.351) | dissolved_oxygen (-0.149),"Acceptable levels in bod, dissolved_oxygen reduced the risk."
"Bindusara river at Beed, near intake water pump house at Dam, Village. Paligaon, Taluka. Beed, District. Beed.",Bindusara,River,Compliant,0.0,None,bod (-0.351) | dissolved_oxygen (-0.149),"Acceptable levels in bod, dissolved_oxygen reduced the risk."
"Godavari river at U/s of Aurangabad Reservoir,Kaigaon Tokka near Kaigaon bridge,Village. Kaigaon,Taluka. Gangapur,District. Ch. Sambhaji Nagar.",Godavari,River,Non-Compliant,1.0,bod (0.557),dissolved_oxygen (-0.057),High values in bod increased the risk. Acceptable levels in dissolved_oxygen reduced the risk.
"Nira river at U/s of Jubilant Organosis, Village. Nira (Dattaghat),Taluka. Baramati, District. Pune.",Nira,River,Non-Compliant,1.0,bod (0.557),dissolved_oxygen (-0.057),High values in bod increased the risk. Acceptable levels in dissolved_oxygen reduced the risk.
"Mor river  near Padalashe, Village. Padalashe,Taluka. Jalgaon, District. Jalgaon.",Mor,River,Compliant,0.0,None,bod (-0.351) | dissolved_oxygen (-0.149),"Acceptable levels in bod, dissolved_oxygen reduced the risk."
"Kanhan river at D/s of Nagpur, Village. Agargaon, Taluka. Kuhi, District. Nagpur.",Kanhan,River,Non-Compliant,1.0,bod (0.557),dissolved_oxygen (-0.057),High values in bod increased the risk. Acceptable levels in dissolved_oxygen reduced the risk.
"Godavari river at D/s of Paithan at Pathegaon bridge, Village. Pathegaon, Taluka. Paithan, District. Ch. Sambhaji Nagar.",Godavari,River,Non-Compliant,1.0,bod (0.557),dissolved_oxygen (-0.057),High values in bod increased the risk. Acceptable levels in dissolved_oxygen reduced the risk.
"Titur river at  D/S of Chalisgaon, Village. Chalisgaon,Taluka. Jalgaon,District. Jalgaon.",Titur,River,Compliant,0.0,None,bod (-0.351) | dissolved_oxygen (-0.149),"Acceptable levels in bod, dissolved_oxygen reduced the risk."
"Mula - Mutha river at Mundhawa bridge,Village. Mundhawa,Taluka. Haweli,District. Pune.",River,River,Non-Compliant,1.0,bod (0.557),dissolved_oxygen (-0.057),High values in bod increased the risk. Acceptable levels in dissolved_oxygen reduced the risk.
"Chandrabhaga river at U/s of Pandharpur town, Village. Gursale,Taluka. Pandharpur, District. Solapur.",Chandrabhaga,River,Non-Compliant,1.0,bod (0.557),dissolved_oxygen (-0.057),High values in bod increased the risk. Acceptable levels in dissolved_oxygen reduced the risk.
"Surya River at U/S of Surya Dam, Village. Dhamni, Taluka. Vikramgad, District. Thane.",Surya,River,Compliant,0.0,None,bod (-0.351) | dissolved_oxygen (-0.149),"Acceptable levels in bod, dissolved_oxygen reduced the risk."
"Bhayander creek at D/s of Railway bridge at  Jasal park choupathy, Village. Navghar, Taluka. Bhayander, District. Thane.",Bhayander,Creek,Non-Compliant,1.0,bod (0.250) | dissolved_oxygen (0.250),None,"High values in bod, dissolved_oxygen increased the risk."
"Ulhas creek at Gaimukh at Nagla Bunder on Ghod bunder road, Village. Nagla,Taluka. Thane,District. Thane.",Ulhas,Creek,Non-Compliant,1.0,bod (0.557),dissolved_oxygen (-0.057),High values in bod increased the risk. Acceptable levels in dissolved_oxygen reduced the risk.
"Wainganga river at Ashti, Village. Ashti, Taluka. Gondpipri, District.Chandrapur.",Wainganga,River,Non-Compliant,1.0,bod (0.557),dissolved_oxygen (-0.057),High values in bod increased the risk. Acceptable levels in dissolved_oxygen reduced the risk.
"Muchkundi river at Waked, Ratnagiri, near M/s Asahi India Glass Ltd., Village. Waked, Taluka. Lanja, District. Ratnagiri.",Muchkundi,River,Compliant,0.0,None,bod (-0.351) | dissolved_oxygen (-0.149),"Acceptable levels in bod, dissolved_oxygen reduced the risk."
"Sarwali Creek, Village. Sarwali, Taluka. Palghar, District. Thane.",Sarwali,Creek,Compliant,0.0,None,bod (-0.351) | dissolved_oxygen (-0.149),"Acceptable levels in bod, dissolved_oxygen reduced the risk."
"Sarwali Creek, Village. Sarwali, Taluka. Palghar, District. Thane.",Sarwali,Creek,Non-Compliant,1.0,bod (0.250) | dissolved_oxygen (0.250),None,"High values in bod, dissolved_oxygen increased the risk."
"Madvi sea water at Ratnagiri near Jodhale Maruti Temple,  Village. Madvigaon, Taluka. Ratnagiri, District. Ratnagiri.",Madvi,Sea,Compliant,0.0,None,bod (-0.351) | dissolved_oxygen (-0.149),"Acceptable levels in bod, dissolved_oxygen reduced the risk."
"Sea water at Worli seaface, Village. Worli, Taluka. Worli, District. Mumbai.",Sea,Sea,Non-Compliant,1.0,bod (0.250) | dissolved_oxygen (0.250),None,"High values in bod, dissolved_oxygen increased the risk."
"Navapur sea, Village. Navapur, Taluka. Palghar, District. Thane.",Navapur,Sea,Non-Compliant,1.0,bod (0.250) | dissolved_oxygen (0.250),None,"High values in bod, dissolved_oxygen increased the risk."
"Purna river near Achalpur. Amravati road bridge, Asegaon, Village. Asegaon,Taluka. Chandur Bazar, District. Amravati.",Purna,River,Non-Compliant,1.0,bod (0.557),dissolved_oxygen (-0.057),High values in bod increased the risk. Acceptable levels in dissolved_oxygen reduced the risk.
"Bhima river. Backwater of Ujani Dam, near raw water pump house, Village. Kumbargaon, Taluka. Indapur, District. Pune.",Bhima,River,Non-Compliant,1.0,bod (0.250) | dissolved_oxygen (0.250),None,"High values in bod, dissolved_oxygen increased the risk."
"Wardha river at Pulgaon Railway Bridge, Village. Pulgaon,Taluka . Wardha, District. Wardha.",Wardha,River,Non-Compliant,1.0,bod (0.557),dissolved_oxygen (-0.057),High values in bod increased the risk. Acceptable levels in dissolved_oxygen reduced the risk.
"Krishna River at new haripur bridge, Tal- Miraj, Dist-Sangli",Krishna,River,Compliant,0.0,None,bod (-0.351) | dissolved_oxygen (-0.149),"Acceptable levels in bod, dissolved_oxygen reduced the risk."
"Godavari river at Jalna Intake water pump house, Village. Shahabad, Taluka. Ambad, District. Jalna.",Godavari,River,Non-Compliant,1.0,bod (0.557),dissolved_oxygen (-0.057),High values in bod increased the risk. Acceptable levels in dissolved_oxygen reduced the risk.
"Mutha river at Sangam bridge near Ganapathyghat, Village . Shivaji Nagar,  Taluka. Pune, District. Pune.",Mutha,River,Non-Compliant,1.0,bod (0.250) | dissolved_oxygen (0.250),None,"High values in bod, dissolved_oxygen increased the risk."
"Savitri river at Ovale village, Village. Ovale, Taluka. Mahad, District. Raigad.",Savitri,River,Compliant,0.0,None,bod (-0.351) | dissolved_oxygen (-0.149),"Acceptable levels in bod, dissolved_oxygen reduced the risk."
"Arnala sea, Village. Arnala, Taluka. Vasai, District. Thane.",Arnala,Sea,Non-Compliant,1.0,bod (0.250) | dissolved_oxygen (0.250),None,"High values in bod, dissolved_oxygen increased the risk."
"Gomai river D/s. of Shahada, Village. Shahada,Taluka. Dhule,District. Dhule.",Gomai,River,Compliant,0.0,None,bod (-0.351) | dissolved_oxygen (-0.149),"Acceptable levels in bod, dissolved_oxygen reduced the risk."
"Thane creek at Elephanta Island, Village. Elephanta Island , Taluka. Mumbai, District. Mumbai.",Thane,Creek,Non-Compliant,1.0,bod (0.250) | dissolved_oxygen (0.250),None,"High values in bod, dissolved_oxygen increased the risk."
"Chikhali nallah meets Godavari river, Village. Chikhali, Taluka. Nashik, District. Nashik.",Chikhali Nallah Meets Godavari,Nala,Non-Compliant,1.0,bod (0.250) | dissolved_oxygen (0.250),None,"High values in bod, dissolved_oxygen increased the risk."
"Ulhas creek at Kolshet Reti bunder, Village. Kolshet, Taluka. Thane, District. Thane.",Ulhas,Creek,Non-Compliant,1.0,bod (0.557),dissolved_oxygen (-0.057),High values in bod increased the risk. Acceptable levels in dissolved_oxygen reduced the risk.
"Savitri river at Muthavali village,  Village. Muthavali, Taluka. Mahad, District. Raigad.",Savitri,River,Compliant,0.0,None,bod (-0.351) | dissolved_oxygen (-0.149),"Acceptable levels in bod, dissolved_oxygen reduced the risk."
"Godavari river at Kapila. Godavari confluence point,  Village. Tapovan, Taluka. Nashik, District. Nashik.",Godavari,River,Non-Compliant,1.0,bod (0.557),dissolved_oxygen (-0.057),High values in bod increased the risk. Acceptable levels in dissolved_oxygen reduced the risk.
"Krishna river at Kshetra Mahuli, Village. Kshetra.Mahuli,Taluka. Mahuli, District. Satara.",Krishna,River,Non-Compliant,1.0,bod (0.557),dissolved_oxygen (-0.057),High values in bod increased the risk. Acceptable levels in dissolved_oxygen reduced the risk.
"Godavari river at Latur water intake near Pump house. Village. Dhamegaon, Taluka. Kalumb, District. Dharashiv",Godavari,River,Non-Compliant,1.0,bod (0.557),dissolved_oxygen (-0.057),High values in bod increased the risk. Acceptable levels in dissolved_oxygen reduced the risk.
"Pilli river  near, vill-mankapur on koradi road, Dist- Nagpur",Pilli,River,Non-Compliant,1.0,bod (0.250) | dissolved_oxygen (0.250),None,"High values in bod, dissolved_oxygen increased the risk."
"Chandrabhaga river at D/s of Pandharpur town rear Vishnupant Mandir, Village. Gopalpur,Taluka. Pandharpur,District. Solapur.",Chandrabhaga,River,Non-Compliant,1.0,bod (0.557),dissolved_oxygen (-0.057),High values in bod increased the risk. Acceptable levels in dissolved_oxygen reduced the risk.
"Nira river at Sangavi, Village. Sangavi, Taluka. Phaltan, District. Satara.",Nira,River,Non-Compliant,1.0,bod (0.557),dissolved_oxygen (-0.057),High values in bod increased the risk. Acceptable levels in dissolved_oxygen reduced the risk.
"Mutha river at Khadakvasla Dam, Village. Khadakvasla,Taluka. Haweli, District. Pune.",Mutha,River,Compliant,0.0,None,bod (-0.351) | dissolved_oxygen (-0.149),"Acceptable levels in bod, dissolved_oxygen reduced the risk."
"Wainganga river at kardha bridge, D/S of bhandara city, Dist- Bhandara",Wainganga,River,Non-Compliant,1.0,bod (0.557),dissolved_oxygen (-0.057),High values in bod increased the risk. Acceptable levels in dissolved_oxygen reduced the risk.
"Bhatsa river at D/s of Pise Dam, Village. Pise, Taluka. Bhiwandi, District. Thane.",Bhatsa,River,Compliant,0.0,None,bod (-0.351) | dissolved_oxygen (-0.149),"Acceptable levels in bod, dissolved_oxygen reduced the risk."
"Thane creek at Elephanta Island, Village. Elephanta Island , Taluka. Mumbai, District. Mumbai.",Thane,Creek,Non-Compliant,1.0,bod (0.250) | dissolved_oxygen (0.250),None,"High values in bod, dissolved_oxygen increased the risk."
"Nira river at D/s of Jubilant Organosis,  Village. Nimbut, Taluka. Baramati, District. Pune.",Nira,River,Non-Compliant,1.0,bod (0.557),dissolved_oxygen (-0.057),High values in bod increased the risk. Acceptable levels in dissolved_oxygen reduced the risk.
"Bhatsa River at U/s of Liberty Oil Mills, Satnel, Shahapur, Thane.",Bhatsa,River,Compliant,0.0,None,bod (-0.351) | dissolved_oxygen (-0.149),"Acceptable levels in bod, dissolved_oxygen reduced the risk."
"Kundalika river at Dhatav at Jackwell , Village. Dhatav,Taluka. Roha, District. Raigad.",Kundalika,River,Compliant,0.0,None,bod (-0.351) | dissolved_oxygen (-0.149),"Acceptable levels in bod, dissolved_oxygen reduced the risk."
"Purna river near Achalpur. Amravati road bridge, Asegaon, Village. Asegaon,Taluka. Chandur Bazar, District. Amravati.",Purna,River,Compliant,0.0,None,bod (-0.351) | dissolved_oxygen (-0.149),"Acceptable levels in bod, dissolved_oxygen reduced the risk."
"Vashishti river at U/s of Three M Paper Mills near M/s Multifilms Plastic  Pvt. Ltd ., Village. Kherdi, Taluka. Chiplun, District. Ratnagiri.",Vashishti,River,Compliant,0.0,None,bod (-0.351) | dissolved_oxygen (-0.149),"Acceptable levels in bod, dissolved_oxygen reduced the risk."
"Nira river at Sarola bridge, Village. Sarola, Taluka.Bhor, District. Pune.",Nira,River,Non-Compliant,1.0,bod (0.557),dissolved_oxygen (-0.057),High values in bod increased the risk. Acceptable levels in dissolved_oxygen reduced the risk.
"Navapur sea, Village. Navapur, Taluka. Palghar, District. Thane.",Navapur,Sea,Non-Compliant,1.0,bod (0.250) | dissolved_oxygen (0.250),None,"High values in bod, dissolved_oxygen increased the risk."
"Godavari river near Someshwar Temple, Village. Someshwar, Taluka. Nashik, District. Nashik.",Godavari,River,Non-Compliant,1.0,bod (0.557),dissolved_oxygen (-0.057),High values in bod increased the risk. Acceptable levels in dissolved_oxygen reduced the risk.
"Kundalika river , kolad, Dist- Raigad",Kundalika,River,Compliant,0.0,None,bod (-0.351) | dissolved_oxygen (-0.149),"Acceptable levels in bod, dissolved_oxygen reduced the risk."
Thane creek Flamingo Sanctuary,Thane,Creek,Non-Compliant,1.0,bod (0.557),dissolved_oxygen (-0.057),High values in bod increased the risk. Acceptable levels in dissolved_oxygen reduced the risk.
Chandrabhaga river at chandur jahanpur thesil daryapur Dist- Amravati,Chandrabhaga,River,Non-Compliant,1.0,bod (0.557),dissolved_oxygen (-0.057),High values in bod increased the risk. Acceptable levels in dissolved_oxygen reduced the risk.
"Chandrabhaga river at D/s of Pandharpur town rear Vishnupant Mandir, Village. Gopalpur,Taluka. Pandharpur,District. Solapur.",Chandrabhaga,River,Non-Compliant,1.0,bod (0.250) | dissolved_oxygen (0.250),None,"High values in bod, dissolved_oxygen increased the risk."
"Sandoz nalla, Village. Sandozbaug,Taluka. Thane,District. Thane.",Sandoz,Nala,Non-Compliant,1.0,bod (0.250) | dissolved_oxygen (0.250),None,"High values in bod, dissolved_oxygen increased the risk."
"Krishna river at Walwa, D/s of Islampur near Vithal Temple, Village. Walwa, Taluka. Walwa, District. Sangli.",Krishna,River,Non-Compliant,1.0,bod (0.557),dissolved_oxygen (-0.057),High values in bod increased the risk. Acceptable levels in dissolved_oxygen reduced the risk.
"Wardha river at D/s of Erai river at Hadasti near Arun Engg. Works, Village. Hadasti, Taluka. Chandrapur, District. Chandrapur.",Wardha,River,Non-Compliant,1.0,bod (0.557),dissolved_oxygen (-0.057),High values in bod increased the risk. Acceptable levels in dissolved_oxygen reduced the risk.
"Penganga river near water supply scheme of Umarkhed M.C., Village. Belkhed,Taluka. Umarkhed, District. Yavatmal.",Penganga,River,Non-Compliant,1.0,bod (0.557),dissolved_oxygen (-0.057),High values in bod increased the risk. Acceptable levels in dissolved_oxygen reduced the risk.
"Gosekhurd Dam village - Gosekhurd, pauni, Dist- Bhandara",Gosekhurd,Dam,Non-Compliant,1.0,bod (0.557),dissolved_oxygen (-0.057),High values in bod increased the risk. Acceptable levels in dissolved_oxygen reduced the risk.
"Vaitarna river near road bridge, Village. Gandhare, Taluka. Wada, District. Thane.",Vaitarna,River,Compliant,0.0,None,bod (-0.351) | dissolved_oxygen (-0.149),"Acceptable levels in bod, dissolved_oxygen reduced the risk."
"Vashishti river at D/s of Three M Paper Mills near Chiplun water intake  jackwell,  Village. Kherdi, Taluka. Chiplun, District. Ratnagiri.",Vashishti,River,Non-Compliant,1.0,bod (0.557),dissolved_oxygen (-0.057),High values in bod increased the risk. Acceptable levels in dissolved_oxygen reduced the risk.
"Krishna River at krishna ghat, miraj Dist-Sangli",Krishna,River,Compliant,0.0,None,bod (-0.351) | dissolved_oxygen (-0.149),"Acceptable levels in bod, dissolved_oxygen reduced the risk."
"Waghur river at. Sakegaon before Confluence with Tapi river, Village. Sakegaon,Taluka. Jalgaon,District. Jalgaon.",Waghur,River,Compliant,0.0,None,bod (-0.351) | dissolved_oxygen (-0.149),"Acceptable levels in bod, dissolved_oxygen reduced the risk."
"Sea water at Nariman Point, Village. Colaba, Taluka. Colaba, District. Mumbai.",Sea,Sea,Non-Compliant,1.0,bod (0.250) | dissolved_oxygen (0.250),None,"High values in bod, dissolved_oxygen increased the risk."
"Krishna river at Krishna bridge, ( Krishna river at NH.4 bridge ) Village. Karad, Taluka. Karad, District. Satara.",Krishna,River,Non-Compliant,1.0,bod (0.557),dissolved_oxygen (-0.057),High values in bod increased the risk. Acceptable levels in dissolved_oxygen reduced the risk.
"Vashishti river at U/s of Pophali near Konphansawane bridge, Village. Pophali, Taluka. Chiplun, District. Ratnagiri.",Vashishti,River,Compliant,0.0,None,bod (-0.351) | dissolved_oxygen (-0.149),"Acceptable levels in bod, dissolved_oxygen reduced the risk."
"Godavari river at Saikheda village,  Village. Saikheda, Taluka. Niphad, District. Nashik.",Godavari,River,Non-Compliant,1.0,bod (0.250) | dissolved_oxygen (0.250),None,"High values in bod, dissolved_oxygen increased the risk."
"Penganga river at washim- risod road bridge, village asegaonpen, Tal-risod, dist- washim",Penganga,River,Non-Compliant,1.0,bod (0.557),dissolved_oxygen (-0.057),High values in bod increased the risk. Acceptable levels in dissolved_oxygen reduced the risk.
"Savitri river at Dadli road bridge, Village. Dadli, Taluka. Mahad, District. Raigad.",Savitri,River,Compliant,0.0,None,bod (-0.351) | dissolved_oxygen (-0.149),"Acceptable levels in bod, dissolved_oxygen reduced the risk."
"Ulhas river at U/s of NRC Bund, Village. Mohane, Taluka. Kalyan, District. Thane.",Ulhas,River,Non-Compliant,1.0,bod (0.557),dissolved_oxygen (-0.057),High values in bod increased the risk. Acceptable levels in dissolved_oxygen reduced the risk.
"Indrayani river at D/s of Alandigaon, Village. Alandigaon, Taluka. Haweli, District. Pune.",Indrayani,River,Non-Compliant,1.0,bod (0.557),dissolved_oxygen (-0.057),High values in bod increased the risk. Acceptable levels in dissolved_oxygen reduced the risk.
"Krishna River at nagthane KT weir, nagthane, Tal-Walwa, Dist-Sangli",Krishna,River,Compliant,0.0,None,bod (-0.351) | dissolved_oxygen (-0.149),"Acceptable levels in bod, dissolved_oxygen reduced the risk."
Vashi Creek at Airoli Bridge,Vashi,Creek,Non-Compliant,1.0,bod (0.250) | dissolved_oxygen (0.250),None,"High values in bod, dissolved_oxygen increased the risk."
"Mula.Mutha river at D/s of Theur, Village. Theur, Taluka. Haweli, District. Pune.",Mula.Mutha,River,Non-Compliant,1.0,bod (0.557),dissolved_oxygen (-0.057),High values in bod increased the risk. Acceptable levels in dissolved_oxygen reduced the risk.
"Krishna river at Maighat, Village. Gawali gally, Taluka. Miraj,  District. Sangli.",Krishna,River,Non-Compliant,1.0,bod (0.557),dissolved_oxygen (-0.057),High values in bod increased the risk. Acceptable levels in dissolved_oxygen reduced the risk.
"Urmodi river at Nagthne, Village. Nagthane,Taluka. Satara, District. Satara.",Urmodi,River,Non-Compliant,1.0,bod (0.557),dissolved_oxygen (-0.057),High values in bod increased the risk. Acceptable levels in dissolved_oxygen reduced the risk.
"Panchaganga river at Ichalkaranji near MIDC  intake well. Village. Shiradhwad  (Ichalkaranji ghat), Taluka.Hatkanangale, District. Kolhapur.",Panchaganga,River,Compliant,0.0,None,bod (-0.351) | dissolved_oxygen (-0.149),"Acceptable levels in bod, dissolved_oxygen reduced the risk."
"Purna River, Yeldari dam, Dist- Parbhani",Purna,River,Non-Compliant,1.0,bod (0.557),dissolved_oxygen (-0.057),High values in bod increased the risk. Acceptable levels in dissolved_oxygen reduced the risk.
"Mutha river at Sangam bridge near Ganapathyghat, Village . Shivaji Nagar,  Taluka. Pune, District. Pune.",Mutha,River,Non-Compliant,1.0,bod (0.250) | dissolved_oxygen (0.250),None,"High values in bod, dissolved_oxygen increased the risk."
"Sandoz nalla, Village. Sandozbaug,Taluka. Thane,District. Thane.",Sandoz,Nala,Non-Compliant,1.0,bod (0.250) | dissolved_oxygen (0.250),None,"High values in bod, dissolved_oxygen increased the risk."
"Bassein creek at VasaiFort , Village. Bassein, Taluka. Vasai, District. Thane.",Bassein,Creek,Non-Compliant,1.0,bod (0.250) | dissolved_oxygen (0.250),None,"High values in bod, dissolved_oxygen increased the risk."
"Godavari river at Ramkund, Village. Panchavati, Taluka. Nashik, District. Nashik.",Godavari,River,Non-Compliant,1.0,bod (0.250) | dissolved_oxygen (0.250),None,"High values in bod, dissolved_oxygen increased the risk."
"Wainganga river at U/s of Ellora Paper Mills, Village. Tumsar, Taluka. Tumsar, District. Bhandara.",Wainganga,River,Non-Compliant,1.0,bod (0.557),dissolved_oxygen (-0.057),High values in bod increased the risk. Acceptable levels in dissolved_oxygen reduced the risk.
"Karambavane creek at Chiplun, Village. Karambavane, Taluka. Chiplun, District. Ratnagiri.",Karambavane,Creek,Compliant,0.0,None,bod (-0.351) | dissolved_oxygen (-0.149),"Acceptable levels in bod, dissolved_oxygen reduced the risk."
"Hiwara river at  D/S of Pachora, Village. Pachora,Taluka. Jalgaon,District. Jalgaon.",Hiwara,River,Compliant,0.0,None,bod (-0.351) | dissolved_oxygen (-0.149),"Acceptable levels in bod, dissolved_oxygen reduced the risk."
"Patalganga river at Savroli bridge, Village. Savroli,Taluka. Khalapur,District. Raigad.",Patalganga,River,Compliant,0.0,None,bod (-0.351) | dissolved_oxygen (-0.149),"Acceptable levels in bod, dissolved_oxygen reduced the risk."
"Mutha river at Sangam bridge near Ganapathyghat, Village . Shivaji Nagar,  Taluka. Pune, District. Pune.",Mutha,River,Non-Compliant,1.0,bod (0.250) | dissolved_oxygen (0.250),None,"High values in bod, dissolved_oxygen increased the risk."
"Godavari river at U/s of Paithan at Paithan intake pump house, Village. Jayakwadi, Taluka. Paithan, District. Ch. Sambhaji Nagar.",Godavari,River,Non-Compliant,1.0,bod (0.557),dissolved_oxygen (-0.057),High values in bod increased the risk. Acceptable levels in dissolved_oxygen reduced the risk.
"Wardha river at D/s of ACC Ltd. Ghuggus near WCL pump house, Village. Ghuggus, Taluka. Chandrapur, District. Chandrapur.",Wardha,River,Non-Compliant,1.0,bod (0.557),dissolved_oxygen (-0.057),High values in bod increased the risk. Acceptable levels in dissolved_oxygen reduced the risk.
"Rangavali river at D/s of Navapur near Rangavali bridge, Village. Navapur, Taluka. Navapur, District. Nandurbar.",Rangavali,River,Non-Compliant,1.0,bod (0.557),dissolved_oxygen (-0.057),High values in bod increased the risk. Acceptable levels in dissolved_oxygen reduced the risk.
"Wena river at U/s of Mohata Mills, near Railway bridge on Wardha  Chandrapur Railway line, Village. Hinganghat, Taluka. Hinganghat, District. Wardha.",Wena,River,Non-Compliant,1.0,bod (0.557),dissolved_oxygen (-0.057),High values in bod increased the risk. Acceptable levels in dissolved_oxygen reduced the risk.
Morna River D/s of Railway Bridge Akola ,Morna,River,Non-Compliant,1.0,bod (0.250) | dissolved_oxygen (0.250),None,"High values in bod, dissolved_oxygen increased the risk."
"Ulhas river at U/s of Badlapur water works, Village. Kulgaon, Taluka. Ambernath, District. Thane.",Ulhas,River,Compliant,0.0,None,bod (-0.351) | dissolved_oxygen (-0.149),"Acceptable levels in bod, dissolved_oxygen reduced the risk."
"Darna river at Aswali ( Darna Dam),Village. Aswali,Taluka. Igatpuri,District. Nashik.",Darna,River,Non-Compliant,1.0,bod (0.557),dissolved_oxygen (-0.057),High values in bod increased the risk. Acceptable levels in dissolved_oxygen reduced the risk.
"Kundalika river near Salav bridge (Saline zone), Village.Salav, Taluka. Roha, District. Raigad.",Kundalika,River,Non-Compliant,1.0,bod (0.250) | dissolved_oxygen (0.250),None,"High values in bod, dissolved_oxygen increased the risk."
"Pedhi river near road bridge at Dadhi. Pedhi village, Village. Dadhi. Pedhi, Taluka. Bhatkuli, District. Amravati.",Pedhi,River,Non-Compliant,1.0,bod (0.557),dissolved_oxygen (-0.057),High values in bod increased the risk. Acceptable levels in dissolved_oxygen reduced the risk.
"Krishna river at Wai, Village. Wai,Taluka. Wai,District. Satara.",Krishna,River,Non-Compliant,1.0,bod (0.557),dissolved_oxygen (-0.057),High values in bod increased the risk. Acceptable levels in dissolved_oxygen reduced the risk.
"Nira river at U/s of Jubilant Organosis, Village. Nira (Dattaghat),Taluka. Baramati, District. Pune.",Nira,River,Non-Compliant,1.0,bod (0.557),dissolved_oxygen (-0.057),High values in bod increased the risk. Acceptable levels in dissolved_oxygen reduced the risk.
"Sea water at Versova beach, Village. Versova, Taluka. Andheri, District. Mumbai.",Sea,Sea,Non-Compliant,1.0,bod (0.250) | dissolved_oxygen (0.250),None,"High values in bod, dissolved_oxygen increased the risk."
"Penganga river near water supply scheme of Umarkhed M.C., Village. Belkhed,Taluka. Umarkhed, District. Yavatmal.",Penganga,River,Non-Compliant,1.0,bod (0.557),dissolved_oxygen (-0.057),High values in bod increased the risk. Acceptable levels in dissolved_oxygen reduced the risk.
"Bhima river. Backwater of Ujani Dam, near raw water pump house, Village. Kumbargaon, Taluka. Indapur, District. Pune.",Bhima,River,Non-Compliant,1.0,bod (0.557),dissolved_oxygen (-0.057),High values in bod increased the risk. Acceptable levels in dissolved_oxygen reduced the risk.
"Pawana river at Sangavigaon,  Village. Sangavigaon, Taluka. Haweli, District. Pune.",Pawana,River,Non-Compliant,1.0,bod (0.557),dissolved_oxygen (-0.057),High values in bod increased the risk. Acceptable levels in dissolved_oxygen reduced the risk.
"Colour chem  Nalla, Village. Majiwada,Taluka. Thane,District. Thane.",Colour Chem,Nala,Non-Compliant,1.0,bod (0.250) | dissolved_oxygen (0.250),None,"High values in bod, dissolved_oxygen increased the risk."
"Girna river at Malegaon road bridge, Village. Malegaon, Taluka. Malegaon, District. Nashik.",Girna,River,Compliant,0.0,None,bod (-0.351) | dissolved_oxygen (-0.149),"Acceptable levels in bod, dissolved_oxygen reduced the risk."
"Kundalika river at Dhatav at Jackwell , Village. Dhatav,Taluka. Roha, District. Raigad.",Kundalika,River,Compliant,0.0,None,bod (-0.351) | dissolved_oxygen (-0.149),"Acceptable levels in bod, dissolved_oxygen reduced the risk."
Penganga River at Mehkar .Buldana Bridge.Akola,Penganga,River,Non-Compliant,1.0,bod (0.557),dissolved_oxygen (-0.057),High values in bod increased the risk. Acceptable levels in dissolved_oxygen reduced the risk.
"Godavari river at Nandur.Madhmeshwar Dam, Village. Nandur, Taluka. Niphad, District. Nashik.",Godavari,River,Non-Compliant,1.0,bod (0.557),dissolved_oxygen (-0.057),High values in bod increased the risk. Acceptable levels in dissolved_oxygen reduced the risk.
"Tapi river at Ajnad village, Village.Ajnad , Taluka. Raver, District.Jalgaon.",Tapi,River,Non-Compliant,1.0,bod (0.557),dissolved_oxygen (-0.057),High values in bod increased the risk. Acceptable levels in dissolved_oxygen reduced the risk.
"Krishna river at Rajapur Weir, Village. Rajapur, Taluka. Shirol, District. Kolhapur.",Krishna,River,Compliant,0.0,None,bod (-0.351) | dissolved_oxygen (-0.149),"Acceptable levels in bod, dissolved_oxygen reduced the risk."
"Rangavali river at D/s of Navapur near Rangavali bridge, Village. Navapur, Taluka. Navapur, District. Nandurbar.",Rangavali,River,Non-Compliant,1.0,bod (0.557),dissolved_oxygen (-0.057),High values in bod increased the risk. Acceptable levels in dissolved_oxygen reduced the risk.
"Manjra river at D/s of Latur, near Latur. Nanded bridge, Village. Bhatkheda, Taluka. Latur, District. Latur.",Manjra,River,Non-Compliant,1.0,bod (0.557),dissolved_oxygen (-0.057),High values in bod increased the risk. Acceptable levels in dissolved_oxygen reduced the risk.
"Bhatsa river at D/s of Pise Dam, Village. Pise, Taluka. Bhiwandi, District. Thane.",Bhatsa,River,Compliant,0.0,None,bod (-0.351) | dissolved_oxygen (-0.149),"Acceptable levels in bod, dissolved_oxygen reduced the risk."
"Ulhas creek at Mumbra Reti bunder, Village. Mumbra,Taluka. Thane, District. Thane.",Ulhas,Creek,Non-Compliant,1.0,bod (0.557),dissolved_oxygen (-0.057),High values in bod increased the risk. Acceptable levels in dissolved_oxygen reduced the risk.
"Wainganga river at Ashti, Village. Ashti, Taluka. Gondpipri, District.Chandrapur.",Wainganga,River,Non-Compliant,1.0,bod (0.557),dissolved_oxygen (-0.057),High values in bod increased the risk. Acceptable levels in dissolved_oxygen reduced the risk.
"Sea water at Charni road choupathy, Village. Girgaon, Taluka. Mumbai, District. Mumbai.",Sea,Sea,Non-Compliant,1.0,bod (0.250) | dissolved_oxygen (0.250),None,"High values in bod, dissolved_oxygen increased the risk."
"Panzara river, Near Panzarakan SSK Ltd, Village. Panzara,Taluka. Dhule, District. Dhule.",Panzara,River,Non-Compliant,1.0,bod (0.557),dissolved_oxygen (-0.057),High values in bod increased the risk. Acceptable levels in dissolved_oxygen reduced the risk.
"Kanhan river at D/s of M/s Vidarbha Paper Mills,  Village. Sinora, Taluka. Parseoni, District. Nagpur.",Kanhan,River,Compliant,0.0,None,bod (-0.351) | dissolved_oxygen (-0.149),"Acceptable levels in bod, dissolved_oxygen reduced the risk."
"Tarapur MIDC Nalla ( Near Sump 2), Village. MIDC  Tarapur, Taluka. Palghar, District. Thane.",Tarapur Midc,Nala,Non-Compliant,1.0,bod (0.250) | dissolved_oxygen (0.250),None,"High values in bod, dissolved_oxygen increased the risk."
"Wardha river at D/s of Erai river at Hadasti near Arun Engg. Works, Village. Hadasti, Taluka. Chandrapur, District. Chandrapur.",Wardha,River,Non-Compliant,1.0,bod (0.557),dissolved_oxygen (-0.057),High values in bod increased the risk. Acceptable levels in dissolved_oxygen reduced the risk.
"Krishna river at Krishna. Venna Sangam Mahuli , Village. Mahuli,Taluka. Mahuli, District. Satara.",Krishna,River,Non-Compliant,1.0,bod (0.557),dissolved_oxygen (-0.057),High values in bod increased the risk. Acceptable levels in dissolved_oxygen reduced the risk.
"Sea water at Charni road choupathy, Village. Girgaon, Taluka. Mumbai, District. Mumbai.",Sea,Sea,Non-Compliant,1.0,bod (0.250) | dissolved_oxygen (0.250),None,"High values in bod, dissolved_oxygen increased the risk."
"Sea water at Gateway of India, Village. Colaba, Taluka. Colaba, District. Mumbai.",Sea,Sea,Non-Compliant,1.0,bod (0.250) | dissolved_oxygen (0.250),None,"High values in bod, dissolved_oxygen increased the risk."
"Tarapur MIDC Nalla ( Near Sump 2), Village. MIDC  Tarapur, Taluka. Palghar, District. Thane.",Tarapur Midc,Nala,Non-Compliant,1.0,bod (0.250) | dissolved_oxygen (0.250),None,"High values in bod, dissolved_oxygen increased the risk."
"Girna river at Jalgaon at intake of Girna pump huose, Village. Girna pump house area, Taluka. Jalgaon, District. Jalgaon.",Girna,River,Non-Compliant,1.0,bod (0.557),dissolved_oxygen (-0.057),High values in bod increased the risk. Acceptable levels in dissolved_oxygen reduced the risk.
"Krishna River at new haripur bridge, Tal- Miraj, Dist-Sangli",Krishna,River,Compliant,0.0,None,bod (-0.351) | dissolved_oxygen (-0.149),"Acceptable levels in bod, dissolved_oxygen reduced the risk."
"Wainganga river at U/s of Gaurav Paper Mills, near jackwell,  Village. Bramhpuri, Taluka. Chandrapur, District. Chandrapur.",Wainganga,River,Non-Compliant,1.0,bod (0.557),dissolved_oxygen (-0.057),High values in bod increased the risk. Acceptable levels in dissolved_oxygen reduced the risk.
"Uttan sea at Bhayander, Village. Uttan, Taluka. Bhayander, District. Thane.",Uttan,Sea,Non-Compliant,1.0,bod (0.250) | dissolved_oxygen (0.250),None,"High values in bod, dissolved_oxygen increased the risk."
"Godavari river at Dhalegaon, Village. Dhalegaon, Taluka. Pathari,  District. Parbhani.",Godavari,River,Compliant,0.0,None,bod (-0.351) | dissolved_oxygen (-0.149),"Acceptable levels in bod, dissolved_oxygen reduced the risk."
"Bhima river at Takli near Karnataka border, Village. Takali, Taluka. South Solapur,  District. Solapur.",Bhima,River,Non-Compliant,1.0,bod (0.557),dissolved_oxygen (-0.057),High values in bod increased the risk. Acceptable levels in dissolved_oxygen reduced the risk.
"Patalganga river at Savroli bridge, Village. Savroli,Taluka. Khalapur,District. Raigad.",Patalganga,River,Non-Compliant,1.0,bod (0.557),dissolved_oxygen (-0.057),High values in bod increased the risk. Acceptable levels in dissolved_oxygen reduced the risk.
"Krishna river at Wai, Village. Wai,Taluka. Wai,District. Satara.",Krishna,River,Non-Compliant,1.0,bod (0.557),dissolved_oxygen (-0.057),High values in bod increased the risk. Acceptable levels in dissolved_oxygen reduced the risk.
"Purna river at D/s of confluence of Morna and Purna, at Andura Village, Village. Andura, Taluka. Balapur, District. Akola.",Purna,River,Non-Compliant,1.0,bod (0.557),dissolved_oxygen (-0.057),High values in bod increased the risk. Acceptable levels in dissolved_oxygen reduced the risk.
"Wardha river at Rajura bridge, Village. Rajura, Taluka. Chandrapur, District. Chandrapur.",Wardha,River,Non-Compliant,1.0,bod (0.557),dissolved_oxygen (-0.057),High values in bod increased the risk. Acceptable levels in dissolved_oxygen reduced the risk.
"Mula river at Harrison bridge near Mula.Pawana sangam, Village. Bopodi,Taluka. Haweli, District. Pune.",Mula,River,Non-Compliant,1.0,bod (0.557),dissolved_oxygen (-0.057),High values in bod increased the risk. Acceptable levels in dissolved_oxygen reduced the risk.
"Girna river at Malegaon road bridge, Village. Malegaon, Taluka. Malegaon, District. Nashik.",Girna,River,Non-Compliant,1.0,bod (0.557),dissolved_oxygen (-0.057),High values in bod increased the risk. Acceptable levels in dissolved_oxygen reduced the risk.
"Mula - Mutha river at Mundhawa bridge,Village. Mundhawa,Taluka. Haweli,District. Pune.",River,River,Non-Compliant,1.0,bod (0.250) | dissolved_oxygen (0.250),None,"High values in bod, dissolved_oxygen increased the risk."
"Pawana river at Kasarwadi, Village. Kasarwadi, Taluka. Haweli, District. Pune.",Pawana,River,Non-Compliant,1.0,bod (0.250) | dissolved_oxygen (0.250),None,"High values in bod, dissolved_oxygen increased the risk."
"Bhima river after confluence with Mula.Mutha at Pargaon near Vasant Bandara,Village. Pargaon,Taluka. Daund, District. Pune.",Bhima,River,Non-Compliant,1.0,bod (0.557),dissolved_oxygen (-0.057),High values in bod increased the risk. Acceptable levels in dissolved_oxygen reduced the risk.
"Ulhas river at Jambhul water works, Village. Jambhul, Taluka. Ambernath, District. Thane.",Ulhas,River,Compliant,0.0,None,bod (-0.351) | dissolved_oxygen (-0.149),"Acceptable levels in bod, dissolved_oxygen reduced the risk."
"Pilli river  near wanjara layout, kamptee road, Dist-Nagpur",Pilli,River,Non-Compliant,1.0,bod (0.250) | dissolved_oxygen (0.250),None,"High values in bod, dissolved_oxygen increased the risk."
"Purna river at Kolhapur Tal- Daryapur, Dist- Amravati",Purna,River,Non-Compliant,1.0,bod (0.557),dissolved_oxygen (-0.057),High values in bod increased the risk. Acceptable levels in dissolved_oxygen reduced the risk.
"Pawana river at Pimprigaon, Village. Pimprigaon, Taluka. Haweli, District. Pune.",Pawana,River,Non-Compliant,1.0,bod (0.250) | dissolved_oxygen (0.250),None,"High values in bod, dissolved_oxygen increased the risk."
"Dahanu Creek at Dahanu Fort, Village. Danugaon, Taluka. Dahanu, District. Thane.",Dahanu,Creek,Non-Compliant,1.0,bod (0.250) | dissolved_oxygen (0.250),None,"High values in bod, dissolved_oxygen increased the risk."
"Krishna River at nagthane KT weir, nagthane, Tal-Walwa, Dist-Sangli",Krishna,River,Compliant,0.0,None,bod (-0.351) | dissolved_oxygen (-0.149),"Acceptable levels in bod, dissolved_oxygen reduced the risk."
"Vashishti river at U/s of Three M Paper Mills near M/s Multifilms Plastic  Pvt. Ltd ., Village. Kherdi, Taluka. Chiplun, District. Ratnagiri.",Vashishti,River,Compliant,0.0,None,bod (-0.351) | dissolved_oxygen (-0.149),"Acceptable levels in bod, dissolved_oxygen reduced the risk."
"Wardha river at confluence point of Penganga & Wardha. Village. Jugad, Taluka. Wani, District. Yavatmal.",Wardha,River,Non-Compliant,1.0,bod (0.557),dissolved_oxygen (-0.057),High values in bod increased the risk. Acceptable levels in dissolved_oxygen reduced the risk.
"Venna river at  Mahabaleshwar, Village. Mahabaleshwar, Taluka. Mahabaleshwar, District. Satara.",Venna,River,Non-Compliant,1.0,bod (0.557),dissolved_oxygen (-0.057),High values in bod increased the risk. Acceptable levels in dissolved_oxygen reduced the risk.
"Savitri river at Shedav Dov, Village. Shedav Dov, Taluka. Mahad, District. Raigad.",Savitri,River,Compliant,0.0,None,bod (-0.351) | dissolved_oxygen (-0.149),"Acceptable levels in bod, dissolved_oxygen reduced the risk."
"Savitri river at Ovale village, Village. Ovale, Taluka. Mahad, District. Raigad.",Savitri,River,Compliant,0.0,None,bod (-0.351) | dissolved_oxygen (-0.149),"Acceptable levels in bod, dissolved_oxygen reduced the risk."
"Godavari river at D/s of Nashik near Amardham, Village. GadgebabaMaharaj Nagar, Taluka . Nashik, District. Nashik.",Godavari,River,Non-Compliant,1.0,bod (0.557),dissolved_oxygen (-0.057),High values in bod increased the risk. Acceptable levels in dissolved_oxygen reduced the risk.
"Surya river at intake of Vasai.Virar water Scheme, Village. Masvan, Taluka. Palghar, District. Thane.",Surya,River,Compliant,0.0,None,bod (-0.351) | dissolved_oxygen (-0.149),"Acceptable levels in bod, dissolved_oxygen reduced the risk."
"Wainganga river at D/s of Gaurav Paper Mills, near jackwell,  Village. Bramhpuri, Taluka. Chandrapur, District. Chandrapur.",Wainganga,River,Non-Compliant,1.0,bod (0.557),dissolved_oxygen (-0.057),High values in bod increased the risk. Acceptable levels in dissolved_oxygen reduced the risk.
"Kharekuran Murbe creek , Village. Kharekuran, Taluka. Palghar, District. Thane.",Kharekuran Murbe,Creek,Non-Compliant,1.0,bod (0.250) | dissolved_oxygen (0.250),None,"High values in bod, dissolved_oxygen increased the risk."
"Madvi sea water at Ratnagiri near Jodhale Maruti Temple,  Village. Madvigaon, Taluka. Ratnagiri, District. Ratnagiri.",Madvi,Sea,Non-Compliant,1.0,bod (0.557),dissolved_oxygen (-0.057),High values in bod increased the risk. Acceptable levels in dissolved_oxygen reduced the risk.
"Ujani dam pumping station, Dist- Solapur ",Ujani,Dam,Non-Compliant,1.0,bod (0.557),dissolved_oxygen (-0.057),High values in bod increased the risk. Acceptable levels in dissolved_oxygen reduced the risk.
"Ulhas creek at Reti bunder at D/s of Kalyan. Bhiwandi bridge, Village. Kalyan, Taluka. Kalyan, District. Thane.",Ulhas,Creek,Non-Compliant,1.0,bod (0.557),dissolved_oxygen (-0.057),High values in bod increased the risk. Acceptable levels in dissolved_oxygen reduced the risk.
"Godavari river near Intake water pump house, Village. Vishnupuri, Taluka. Nanded, District. Nanded.",Godavari,River,Non-Compliant,1.0,bod (0.557),dissolved_oxygen (-0.057),High values in bod increased the risk. Acceptable levels in dissolved_oxygen reduced the risk.
"Krishna river at Walwa, D/s of Islampur near Vithal Temple, Village. Walwa, Taluka. Walwa, District. Sangli.",Krishna,River,Compliant,0.0,None,bod (-0.351) | dissolved_oxygen (-0.149),"Acceptable levels in bod, dissolved_oxygen reduced the risk."
"Wardha river at D/s of Erai river at Hadasti near Arun Engg. Works, Village. Hadasti, Taluka. Chandrapur, District. Chandrapur.",Wardha,River,Non-Compliant,1.0,bod (0.557),dissolved_oxygen (-0.057),High values in bod increased the risk. Acceptable levels in dissolved_oxygen reduced the risk.
Nag river  near bhandewadi bridge Dist- Nagpur,Nag,River,Non-Compliant,1.0,bod (0.250) | dissolved_oxygen (0.250),None,"High values in bod, dissolved_oxygen increased the risk."
"Koyna River at Karad, Village. Karad,Taluka. Karad, District. Satara.",Koyna,River,Non-Compliant,1.0,bod (0.557),dissolved_oxygen (-0.057),High values in bod increased the risk. Acceptable levels in dissolved_oxygen reduced the risk.
Vashi Creek at Vashi Bridge,Vashi,Creek,Non-Compliant,1.0,bod (0.557),dissolved_oxygen (-0.057),High values in bod increased the risk. Acceptable levels in dissolved_oxygen reduced the risk.
"Ulhas river at U/s of Badlapur water works, Village. Kulgaon, Taluka. Ambernath, District. Thane.",Ulhas,River,Non-Compliant,1.0,bod (0.557),dissolved_oxygen (-0.057),High values in bod increased the risk. Acceptable levels in dissolved_oxygen reduced the risk.
"Vel river at Shikrapur, Village. Shikrapur,Taluka. Shirur, District. Pune.",Vel,River,Non-Compliant,1.0,bod (0.557),dissolved_oxygen (-0.057),High values in bod increased the risk. Acceptable levels in dissolved_oxygen reduced the risk.
"Pedhi river near road bridge at Dadhi. Pedhi village, Village. Dadhi. Pedhi, Taluka. Bhatkuli, District. Amravati.",Pedhi,River,Non-Compliant,1.0,bod (0.557),dissolved_oxygen (-0.057),High values in bod increased the risk. Acceptable levels in dissolved_oxygen reduced the risk.
"Thane creek at Elephanta Island, Village. Elephanta Island , Taluka. Mumbai, District. Mumbai.",Thane,Creek,Non-Compliant,1.0,bod (0.250) | dissolved_oxygen (0.250),None,"High values in bod, dissolved_oxygen increased the risk."
"Tarapur MIDC Nalla ( near Sump 1), Village. MIDC Tarapur, Taluka. Palghar, District. Thane.",Tarapur Midc,Nala,Non-Compliant,1.0,bod (0.250) | dissolved_oxygen (0.250),None,"High values in bod, dissolved_oxygen increased the risk."
"Krishna river at Krishna bridge, ( Krishna river at NH.4 bridge ) Village. Karad, Taluka. Karad, District. Satara.",Krishna,River,Compliant,0.0,None,bod (-0.351) | dissolved_oxygen (-0.149),"Acceptable levels in bod, dissolved_oxygen reduced the risk."
"Vel river at Shikrapur, Village. Shikrapur,Taluka. Shirur, District. Pune.",Vel,River,Non-Compliant,1.0,bod (0.557),dissolved_oxygen (-0.057),High values in bod increased the risk. Acceptable levels in dissolved_oxygen reduced the risk.
"Bhatsa River at U/s of Liberty Oil Mills, Satnel, Shahapur, Thane.",Bhatsa,River,Compliant,0.0,None,bod (-0.351) | dissolved_oxygen (-0.149),"Acceptable levels in bod, dissolved_oxygen reduced the risk."
"Patalganga river at Shilphata bridge, Village.Khopoli,Taluka. Khalapur, District. Raigad.",Patalganga,River,Non-Compliant,1.0,bod (0.557),dissolved_oxygen (-0.057),High values in bod increased the risk. Acceptable levels in dissolved_oxygen reduced the risk.
"Wardha river at U/s of Erai river at Hadasti near Arun Engg. Works, Village. Hadasti, Taluka. Chandrapur, District. Chandrapur.",Wardha,River,Non-Compliant,1.0,bod (0.557),dissolved_oxygen (-0.057),High values in bod increased the risk. Acceptable levels in dissolved_oxygen reduced the risk.
"Bhima river at Pune (Mutha river) at U/s of Vithalwadi near Shankar Mandir, Village. Vithalwadi, Taluka. Haweli, District. Pune.",Bhima,River,Non-Compliant,1.0,bod (0.557),dissolved_oxygen (-0.057),High values in bod increased the risk. Acceptable levels in dissolved_oxygen reduced the risk.
"Pilli river  near, vill-mankapur on koradi road, Dist- Nagpur",Pilli,River,Non-Compliant,1.0,bod (0.250) | dissolved_oxygen (0.250),None,"High values in bod, dissolved_oxygen increased the risk."
"Mor river  near Padalashe, Village. Padalashe,Taluka. Jalgaon, District. Jalgaon.",Mor,River,Non-Compliant,1.0,bod (0.557),dissolved_oxygen (-0.057),High values in bod increased the risk. Acceptable levels in dissolved_oxygen reduced the risk.
"Vashishti river at U/s of Pophali near Konphansawane bridge, Village. Pophali, Taluka. Chiplun, District. Ratnagiri.",Vashishti,River,Compliant,0.0,None,bod (-0.351) | dissolved_oxygen (-0.149),"Acceptable levels in bod, dissolved_oxygen reduced the risk."
"Mutha river at Deccan bridge, Village. Deccan,Taluka. Pune, District. Pune.",Mutha,River,Non-Compliant,1.0,bod (0.250) | dissolved_oxygen (0.250),None,"High values in bod, dissolved_oxygen increased the risk."
Thane creek Flamingo Sanctuary,Thane,Creek,Non-Compliant,1.0,bod (0.250) | dissolved_oxygen (0.250),None,"High values in bod, dissolved_oxygen increased the risk."
"Sea water at Charni road choupathy, Village. Girgaon, Taluka. Mumbai, District. Mumbai.",Sea,Sea,Non-Compliant,1.0,bod (0.557),dissolved_oxygen (-0.057),High values in bod increased the risk. Acceptable levels in dissolved_oxygen reduced the risk.
"Mula river at Aundh bridge, Village. Aundhgaon,Taluka. Haweli, District. Pune.",Mula,River,Non-Compliant,1.0,bod (0.250) | dissolved_oxygen (0.250),None,"High values in bod, dissolved_oxygen increased the risk."
"Sea water at Juhu beach,  Village. Juhugaon, Taluka. Santacruz,  District. Mumbai.",Sea,Sea,Non-Compliant,1.0,bod (0.250) | dissolved_oxygen (0.250),None,"High values in bod, dissolved_oxygen increased the risk."
"Godavari river at Nandur.Madhmeshwar Dam, Village. Nandur, Taluka. Niphad, District. Nashik.",Godavari,River,Non-Compliant,1.0,bod (0.557),dissolved_oxygen (-0.057),High values in bod increased the risk. Acceptable levels in dissolved_oxygen reduced the risk.
"Surya River at U/S of Surya Dam, Village. Dhamni, Taluka. Vikramgad, District. Thane.",Surya,River,Compliant,0.0,None,bod (-0.351) | dissolved_oxygen (-0.149),"Acceptable levels in bod, dissolved_oxygen reduced the risk."
"Darna river at Sansari, Village. Sansari,Taluka. Nashik,District. Nashik.",Darna,River,Non-Compliant,1.0,bod (0.557),dissolved_oxygen (-0.057),High values in bod increased the risk. Acceptable levels in dissolved_oxygen reduced the risk.
Thane creek Flamingo Sanctuary,Thane,Creek,Non-Compliant,1.0,bod (0.250) | dissolved_oxygen (0.250),None,"High values in bod, dissolved_oxygen increased the risk."
"Godavari river at Nandur.Madhmeshwar Dam, Village. Nandur, Taluka. Niphad, District. Nashik.",Godavari,River,Compliant,0.0,None,bod (-0.351) | dissolved_oxygen (-0.149),"Acceptable levels in bod, dissolved_oxygen reduced the risk."
"Dandi Creek, Village. Dandi, Taluka. Palghar, District. Thane.",Dandi,Creek,Non-Compliant,1.0,bod (0.250) | dissolved_oxygen (0.250),None,"High values in bod, dissolved_oxygen increased the risk."
Penganga River at Mehkar .Buldana Bridge.Akola,Penganga,River,Non-Compliant,1.0,bod (0.557),dissolved_oxygen (-0.057),High values in bod increased the risk. Acceptable levels in dissolved_oxygen reduced the risk.
"Gosekhurd Dam village - Gosekhurd, pauni, Dist- Bhandara",Gosekhurd,Dam,Non-Compliant,1.0,bod (0.557),dissolved_oxygen (-0.057),High values in bod increased the risk. Acceptable levels in dissolved_oxygen reduced the risk.
"Bhatsa River at D/s of Liberty Oil Mills, Satnel, Shahapur, Thane.",Bhatsa,River,Compliant,0.0,None,bod (-0.351) | dissolved_oxygen (-0.149),"Acceptable levels in bod, dissolved_oxygen reduced the risk."
"Bhima river at Daund near Mahadev temple,Village. Daund, Taluka. Daund, District. Pune.",Bhima,River,Non-Compliant,1.0,bod (0.250) | dissolved_oxygen (0.250),None,"High values in bod, dissolved_oxygen increased the risk."
"Panchaganga river at U/s of Kolhapur town near Balinga Pumping station, Village.Balinga, Taluka. Karvir, District. Kolhapur.",Panchaganga,River,Compliant,0.0,None,bod (-0.351) | dissolved_oxygen (-0.149),"Acceptable levels in bod, dissolved_oxygen reduced the risk."
"Nira river at Sangavi, Village. Sangavi, Taluka. Phaltan, District. Satara.",Nira,River,Non-Compliant,1.0,bod (0.250) | dissolved_oxygen (0.250),None,"High values in bod, dissolved_oxygen increased the risk."
"Sea water at Gateway of India, Village. Colaba, Taluka. Colaba, District. Mumbai.",Sea,Sea,Non-Compliant,1.0,bod (0.557),dissolved_oxygen (-0.057),High values in bod increased the risk. Acceptable levels in dissolved_oxygen reduced the risk.
"Krishna river at Kurundwad near Santaji Ghorpade Ghat , Village.Narshingwadi, Kurundwad, Taluka. Shirol, District. Kolhapur.",Krishna,River,Compliant,0.0,None,bod (-0.351) | dissolved_oxygen (-0.149),"Acceptable levels in bod, dissolved_oxygen reduced the risk."
"Godavari river near Intake water pump house, Village. Vishnupuri, Taluka. Nanded, District. Nanded.",Godavari,River,Non-Compliant,1.0,bod (0.557),dissolved_oxygen (-0.057),High values in bod increased the risk. Acceptable levels in dissolved_oxygen reduced the risk.
"Vaitarna river near road bridge, Village. Gandhare, Taluka. Wada, District. Thane.",Vaitarna,River,Compliant,0.0,None,bod (-0.351) | dissolved_oxygen (-0.149),"Acceptable levels in bod, dissolved_oxygen reduced the risk."
"Bori river, D/S of Amalner, Village. Amalner, Taluka. Jalgaon, District. Jalgaon.",Bori,River,Non-Compliant,1.0,bod (0.557),dissolved_oxygen (-0.057),High values in bod increased the risk. Acceptable levels in dissolved_oxygen reduced the risk.
"Kanhan river at U/s of M/s Vidarbha Paper Mills, Village. Sinora, Taluka. Parseoni, District. Nagpur.",Kanhan,River,Non-Compliant,1.0,bod (0.557),dissolved_oxygen (-0.057),High values in bod increased the risk. Acceptable levels in dissolved_oxygen reduced the risk.
"Sea water at Worli seaface, Village. Worli, Taluka. Worli, District. Mumbai.",Sea,Sea,Non-Compliant,1.0,bod (0.250) | dissolved_oxygen (0.250),None,"High values in bod, dissolved_oxygen increased the risk."
Morna River D/s of Railway Bridge Akola ,Morna,River,Non-Compliant,1.0,bod (0.557),dissolved_oxygen (-0.057),High values in bod increased the risk. Acceptable levels in dissolved_oxygen reduced the risk.
"Panchaganga river at D/s of Kolhapur town at Gandhi nagar near NH.4 bridge and MIDC, Village. Uchegaon, Taluka. Kolhapur, District. Kolhapur.",Panchaganga,River,Compliant,0.0,None,bod (-0.351) | dissolved_oxygen (-0.149),"Acceptable levels in bod, dissolved_oxygen reduced the risk."
"Godavari river at Jaikwadi Dam, Village. Paithan, Taluka. Paithan, District.Ch. Sambhaji Nagar.",Godavari,River,Non-Compliant,1.0,bod (0.557),dissolved_oxygen (-0.057),High values in bod increased the risk. Acceptable levels in dissolved_oxygen reduced the risk.
"Krishna river at Dhom Dam, Village. Wai, Taluka.Mahabaleshwar, District.Satara.",Krishna,River,Compliant,0.0,None,bod (-0.351) | dissolved_oxygen (-0.149),"Acceptable levels in bod, dissolved_oxygen reduced the risk."
"Bhima river at Takli near Karnataka border, Village. Takali, Taluka. South Solapur,  District. Solapur.",Bhima,River,Non-Compliant,1.0,bod (0.557),dissolved_oxygen (-0.057),High values in bod increased the risk. Acceptable levels in dissolved_oxygen reduced the risk.
"Pimpal.Paneri nalla at Ratnagiri near Finolex Industries, Village. Yahganigaon, Taluka. Ratnagiri, District. Ratnagiri.",Pimpal.Paneri,Nala,Compliant,0.0,None,bod (-0.351) | dissolved_oxygen (-0.149),"Acceptable levels in bod, dissolved_oxygen reduced the risk."
"Patalganga river at Khalapur pumping station, Village. Khalapur, Taluka. Khalapur, District. Raigad.",Patalganga,River,Compliant,0.0,None,bod (-0.351) | dissolved_oxygen (-0.149),"Acceptable levels in bod, dissolved_oxygen reduced the risk."
"Kolar river before confluence with Kanhan river at Waregaon Bridge, Village. Waregaon, Taluka.Kamptee, District.Nagpur.",Kolar,River,Non-Compliant,1.0,bod (0.557),dissolved_oxygen (-0.057),High values in bod increased the risk. Acceptable levels in dissolved_oxygen reduced the risk.
"Godavari river at Latur water intake near Pump house. Village. Dhamegaon, Taluka. Kalumb, District. Dharashiv",Godavari,River,Non-Compliant,1.0,bod (0.557),dissolved_oxygen (-0.057),High values in bod increased the risk. Acceptable levels in dissolved_oxygen reduced the risk.
"Dandi Creek, Village. Dandi, Taluka. Palghar, District. Thane.",Dandi,Creek,Non-Compliant,1.0,bod (0.250) | dissolved_oxygen (0.250),None,"High values in bod, dissolved_oxygen increased the risk."
"Savta Creek, Village. Savta, Taluka. Dahanu, District. Thane.",Savta,Creek,Non-Compliant,1.0,bod (0.250) | dissolved_oxygen (0.250),None,"High values in bod, dissolved_oxygen increased the risk."
"Bhima river at Pune (Mutha river) at U/s of Vithalwadi near Shankar Mandir, Village. Vithalwadi, Taluka. Haweli, District. Pune.",Bhima,River,Non-Compliant,1.0,bod (0.557),dissolved_oxygen (-0.057),High values in bod increased the risk. Acceptable levels in dissolved_oxygen reduced the risk.
"Godavari river at U/s of Gangapur Dam, Village. Gangapur,Taluka. Nashik, District. Nashik.",Godavari, Dam,Non-Compliant,1.0,bod (0.250) | dissolved_oxygen (0.250),None,"High values in bod, dissolved_oxygen increased the risk."
"Wardha river at D/s of ACC Ltd. Ghuggus near WCL pump house, Village. Ghuggus, Taluka. Chandrapur, District. Chandrapur.",Wardha,River,Non-Compliant,1.0,bod (0.557),dissolved_oxygen (-0.057),High values in bod increased the risk. Acceptable levels in dissolved_oxygen reduced the risk.
"Pilli river  near wanjara layout, kamptee road, Dist-Nagpur",Pilli,River,Non-Compliant,1.0,bod (0.250) | dissolved_oxygen (0.250),None,"High values in bod, dissolved_oxygen increased the risk."
"Darna river at Bhagur pumping station near Pandhurli bridge, Village. Bhagur,Taluka. Nashik,District. Nashik.",Darna,River,Non-Compliant,1.0,bod (0.250) | dissolved_oxygen (0.250),None,"High values in bod, dissolved_oxygen increased the risk."
"Purna river at D/s of confluence of Morna and Purna, at Andura Village, Village. Andura, Taluka. Balapur, District. Akola.",Purna,River,Non-Compliant,1.0,bod (0.557),dissolved_oxygen (-0.057),High values in bod increased the risk. Acceptable levels in dissolved_oxygen reduced the risk.
"Sea water at Shivaji park ( Dadar choupathy), Village. Dadar, Taluka.Dadar,  District. Mumbai.",Sea,Sea,Non-Compliant,1.0,bod (0.250) | dissolved_oxygen (0.250),None,"High values in bod, dissolved_oxygen increased the risk."
"Koyna River at Karad, Village. Karad,Taluka. Karad, District. Satara.",Koyna,River,Non-Compliant,1.0,bod (0.557),dissolved_oxygen (-0.057),High values in bod increased the risk. Acceptable levels in dissolved_oxygen reduced the risk.
"Sea water at Shivaji park ( Dadar choupathy), Village. Dadar, Taluka.Dadar,  District. Mumbai.",Sea,Sea,Non-Compliant,1.0,bod (0.557),dissolved_oxygen (-0.057),High values in bod increased the risk. Acceptable levels in dissolved_oxygen reduced the risk.
"Savitri river at Muthavali village,  Village. Muthavali, Taluka. Mahad, District. Raigad.",Savitri,River,Compliant,0.0,None,bod (-0.351) | dissolved_oxygen (-0.149),"Acceptable levels in bod, dissolved_oxygen reduced the risk."
"Mula.Mutha river at D/s of Theur, Village. Theur, Taluka. Haweli, District. Pune.",Mula.Mutha,River,Non-Compliant,1.0,bod (0.557),dissolved_oxygen (-0.057),High values in bod increased the risk. Acceptable levels in dissolved_oxygen reduced the risk.
"Ujani dam pumping station, Dist- Solapur ",Ujani,Dam,Compliant,0.0,None,bod (-0.351) | dissolved_oxygen (-0.149),"Acceptable levels in bod, dissolved_oxygen reduced the risk."
"Darna river at Chehedi water works (pumping station), Village. Chehedi, Taluka. Nashik, District. Nashik.",Darna,River,Non-Compliant,1.0,bod (0.557),dissolved_oxygen (-0.057),High values in bod increased the risk. Acceptable levels in dissolved_oxygen reduced the risk.
"Purna river near Achalpur. Amravati road bridge, Asegaon, Village. Asegaon,Taluka. Chandur Bazar, District. Amravati.",Purna,River,Non-Compliant,1.0,bod (0.557),dissolved_oxygen (-0.057),High values in bod increased the risk. Acceptable levels in dissolved_oxygen reduced the risk.
"Venna river at Varye, Village . Varye,Taluka. Satara, District. Satara.",Venna,River,Compliant,0.0,None,bod (-0.351) | dissolved_oxygen (-0.149),"Acceptable levels in bod, dissolved_oxygen reduced the risk."
"Sea water at Gateway of India, Village. Colaba, Taluka. Colaba, District. Mumbai.",Sea,Sea,Non-Compliant,1.0,bod (0.250) | dissolved_oxygen (0.250),None,"High values in bod, dissolved_oxygen increased the risk."
"Savta Creek, Village. Savta, Taluka. Dahanu, District. Thane.",Savta,Creek,Non-Compliant,1.0,bod (0.250) | dissolved_oxygen (0.250),None,"High values in bod, dissolved_oxygen increased the risk."
"Mutha river at Deccan bridge, Village. Deccan,Taluka. Pune, District. Pune.",Mutha,River,Non-Compliant,1.0,bod (0.250) | dissolved_oxygen (0.250),None,"High values in bod, dissolved_oxygen increased the risk."
"Amba river at D/s of Waken bridge, Village. Waken phata, Taluka. Roha, District. Raigad. ( u/s of the jackwells of M/s Supreme Petrochemicals & MIDC )",Amba,River,Compliant,0.0,None,bod (-0.351) | dissolved_oxygen (-0.149),"Acceptable levels in bod, dissolved_oxygen reduced the risk."
"Godavari river at Tapovan,Village. Tapovan, Taluka. Nashik, District. Nashik.",Godavari,River,Non-Compliant,1.0,bod (0.557),dissolved_oxygen (-0.057),High values in bod increased the risk. Acceptable levels in dissolved_oxygen reduced the risk.
"Bhatsa river at D/s of Pise Dam, Village. Pise, Taluka. Bhiwandi, District. Thane.",Bhatsa,River,Non-Compliant,1.0,bod (0.557),dissolved_oxygen (-0.057),High values in bod increased the risk. Acceptable levels in dissolved_oxygen reduced the risk.
"Mula river at Harrison bridge near Mula.Pawana sangam, Village. Bopodi,Taluka. Haweli, District. Pune.",Mula,River,Non-Compliant,1.0,bod (0.250) | dissolved_oxygen (0.250),None,"High values in bod, dissolved_oxygen increased the risk."
"Kundalika river at Dhatav at Jackwell , Village. Dhatav,Taluka. Roha, District. Raigad.",Kundalika,River,Compliant,0.0,None,bod (-0.351) | dissolved_oxygen (-0.149),"Acceptable levels in bod, dissolved_oxygen reduced the risk."
"Godavari river at Hanuman Ghat, Village. Nashik city, Taluka. Nashik, District. Nashik.",Godavari,River,Non-Compliant,1.0,bod (0.250) | dissolved_oxygen (0.250),None,"High values in bod, dissolved_oxygen increased the risk."
"Nag river near ambazari lake, Dist- Nagpur",Nag,River,Non-Compliant,1.0,bod (0.557),dissolved_oxygen (-0.057),High values in bod increased the risk. Acceptable levels in dissolved_oxygen reduced the risk.
"Ulhas river at U/s of Badlapur water works, Village. Kulgaon, Taluka. Ambernath, District. Thane.",Ulhas,River,Compliant,0.0,None,bod (-0.351) | dissolved_oxygen (-0.149),"Acceptable levels in bod, dissolved_oxygen reduced the risk."
"Wainganga river at kardha bridge, D/S of bhandara city, Dist- Bhandara",Wainganga,River,Non-Compliant,1.0,bod (0.557),dissolved_oxygen (-0.057),High values in bod increased the risk. Acceptable levels in dissolved_oxygen reduced the risk.
"Bhima river at Pune (Mutha river) at U/s of Vithalwadi near Shankar Mandir, Village. Vithalwadi, Taluka. Haweli, District. Pune.",Bhima,River,Non-Compliant,1.0,bod (0.250) | dissolved_oxygen (0.250),None,"High values in bod, dissolved_oxygen increased the risk."
"Rangavali river at D/s of Navapur near Rangavali bridge, Village. Navapur, Taluka. Navapur, District. Nandurbar.",Rangavali,River,Non-Compliant,1.0,bod (0.557),dissolved_oxygen (-0.057),High values in bod increased the risk. Acceptable levels in dissolved_oxygen reduced the risk.
"Krishna river at Krishna bridge, ( Krishna river at NH.4 bridge ) Village. Karad, Taluka. Karad, District. Satara.",Krishna,River,Non-Compliant,1.0,bod (0.557),dissolved_oxygen (-0.057),High values in bod increased the risk. Acceptable levels in dissolved_oxygen reduced the risk.
"Venna river at  Mahabaleshwar, Village. Mahabaleshwar, Taluka. Mahabaleshwar, District. Satara.",Venna,River,Compliant,0.0,None,bod (-0.351) | dissolved_oxygen (-0.149),"Acceptable levels in bod, dissolved_oxygen reduced the risk."
"Patalganga river at Gagangiri Maharaj Temple, Village. Khopoli, Taluka. Khalapur, District. Raigad.",Patalganga,River,Compliant,0.0,None,bod (-0.351) | dissolved_oxygen (-0.149),"Acceptable levels in bod, dissolved_oxygen reduced the risk."
